timestamp,title,cue_id,category,duration_seconds
2026-09-30 22:24:49,"Ankle Circles","ankle-circles","Legs",20
2026-09-30 22:25:04,"Reach for the Ceiling","reach-for-the-ceiling","Upper Body",30
2026-09-30 22:25:10,"Blink & Look Away","blink-and-look-away","Eyes",20
2026-09-30 23:04:00,"Standing Break","standing-break","Standing",60
2026-09-30 23:04:07,"Hip Reset","hip-reset","Hips",45
2026-09-30 23:04:14,"Refill Walk","refill-walk","Walking",120
2026-09-30 23:04:54,"Breathe & Reset","breathe-and-reset","Breathing",30
2026-09-30 23:04:57,"Ankle Circles","ankle-circles","Legs",20
2026-09-30 23:04:58,"Upper-Back Release","upper-back-release","Upper Body",30
2026-09-30 23:05:00,"Shoulder Rolls","shoulder-rolls","Neck & Shoulders",30
2026-09-30 23:05:01,"Reach for the Ceiling","reach-for-the-ceiling","Upper Body",30
2026-09-30 23:05:03,"Lower-Back Wake-Up","lower-back-wake-up","Lower Back",30
2026-09-30 23:05:04,"Breathe & Reset","breathe-and-reset","Breathing",30
2026-09-30 23:05:06,"Hands Off the Keyboard","hands-off-the-keyboard","Wrists & Hands",20
2026-09-30 23:05:08,"Blink & Look Away","blink-and-look-away","Eyes",20
2026-09-30 23:09:47,"Box Breathing","box-breathing","Breathing",60
2026-09-30 23:16:16,"Neck Unclench","neck-unclench","Neck & Shoulders",30
2026-09-30 23:16:43,"Breathe & Reset","breathe-and-reset","Breathing",30
2026-09-30 23:17:03,"Open the Hips","open-the-hips","Hips",45
2026-09-30 23:17:29,"Wrist Circles","wrist-circles","Wrists & Hands",30
2026-09-30 23:21:17,"Box Breathing","box-breathing","Breathing",60
2026-09-30 23:21:26,"Neck Unclench","neck-unclench","Neck & Shoulders",30
2026-09-30 23:32:26,"Hands Off the Keyboard","hands-off-the-keyboard","Wrists & Hands",10
2026-09-30 23:32:39,"Open the Hips","open-the-hips","Hips",10
2026-09-30 23:32:55,"Tiny Walking Break","tiny-walking-break","Walking",20
2026-09-30 23:33:08,"Wrist Circles","wrist-circles","Wrists & Hands",15
2026-09-30 23:33:37,"Lower-Back Wake-Up","lower-back-wake-up","Lower Back",45
2026-09-30 23:38:36,"Full-Body Reset","full-body-reset","Full Body",45
2026-09-30 23:47:06,"Sit Back & Settle","sit-back-and-settle","Posture Reset",20
2026-09-30 23:50:46,"Box Breathing","box-breathing","Breathing",10
2026-09-30 23:50:53,"Shoulder Rolls","shoulder-rolls","Neck & Shoulders",15
2026-09-30 23:50:59,"Tiny Walking Break","tiny-walking-break","Walking",10
2026-09-30 23:51:08,"Posture Reset","posture-reset","Posture Reset",10
2026-09-30 23:52:54,"Screen Reset","screen-reset","Eyes",45
2026-09-30 23:56:53,"Standing Break","standing-break","Standing",30
2026-09-30 23:59:54,"Legs Need a Break","legs-need-a-break","Legs",15
2026-10-01 00:00:06,"Shoulders Down","shoulders-down","Neck & Shoulders",30
2026-10-01 00:00:14,"Refill Walk","refill-walk","Walking",20
2026-10-01 00:00:22,"Open the Hips","open-the-hips","Hips",20
2026-10-01 00:00:40,"Legs Need a Break","legs-need-a-break","Legs",10
2026-10-01 00:00:53,"Posture Reset","posture-reset","Posture Reset",12
2026-10-01 00:05:36,"Reach for the Ceiling","reach-for-the-ceiling","Upper Body",20
2026-10-01 00:21:42,"Neck Unclench","neck-unclench","Neck & Shoulders",10
2026-10-01 00:26:15,"Upper-Back Release","upper-back-release","Upper Body",15
2026-10-01 08:18:32,"Posture Reset","posture-reset","Posture Reset",30
2026-10-01 08:19:06,"Reach for the Ceiling","reach-for-the-ceiling","Upper Body",30
2026-10-01 09:26:32,"Breathe & Reset","breathe-and-reset","Breathing",45
2026-10-01 09:36:32,"Sit Back & Settle","sit-back-and-settle","Posture Reset",15
2026-10-01 09:37:23,"Full-Body Reset","full-body-reset","Full Body",10
2026-10-01 09:37:34,"Open the Hips","open-the-hips","Hips",45
2026-10-01 09:42:27,"Chair-Back Push","chair-back-push","Full Body",25
2026-10-01 09:42:33,"Back-Pocket Walk","back-pocket-walk","Walking",30
2026-10-01 09:42:37,"Reset & Return","reset-and-return","Full Body",20
2026-10-01 09:42:41,"Tiny Victory Walk","tiny-victory-walk","Walking",35
